Index,Title,Views
1,"Qui perdra son Job !? (Ft. Mastu, Byilhan)",2.2M views
2,J‚Äôai re√ßu une suprise par jour pendant 1 mois (le plus gros calendrier de l‚Äôavent au monde),2.9M views
3,30 secondes pour sauver une vie‚Ä¶ (Qu√™te myst√®re #3),2.7M views
4,"Qui sera le dernier survivant ? (ft Amine, Michou et Matt)",17M views
5,5 jours pour traverser la Corse √† pied ! (La randonn√©e la plus dure d‚ÄôEurope) GR20,5M views
6,Qui sont les Serials Killers?! (Le plus gros Loup-Garou de France) #2,7.8M views
7,I've finally built my house! (Here's the studio of my dreams),5.9M views
8,I climbed Mont Blanc (8 months before climbing Everest)!,6.9M views
9,7 jours en Van pour faire le Tour de France (Ft. GMK),7.8M views
10,"100 d√©fis en une Journ√©e Challenge #2 (Ft. Michou, Billy, Djilsi)",7.4M views
11,3H to collect 1 million cigarette butts! (We're going for the world record),3.9M views
12,Who are the Serials Killers? (France's biggest werewolf),7.8M views
13,On a pris beaucoup trop de risques‚Ä¶,3.2M views
14,"La Qu√™te Myst√®re ! (3 lieux, 3 missions) #2",3.9M views
15,On vous dit tout.. (Feat Michou),4.2M views
16,"48H pour Survivre √† une invasion de Zombie (Ft. Michou, AmineMaTue et Matt)",18M views
17,I got to discover one of the most beautiful ice islands of the world ! (InoxTRIP #2),3.6M views
18,J‚Äôai achet√© la voiture de mes r√™ves (elle est monstrueuse) ft. GMK,3.8M views
19,"J‚Äôai r√©alis√© le plus gros live de ma vie, 3 jours non stop ! (C‚Äô√©tait incroyable)",2.1M views
20,6 Years to make this 1min56 video ! (The project of a lifetime),5.7M views
21,24 hours in the mountains! (I had a hard time...),3.8M views
22,"Qui sera le dernier dans le Van (Ce concept est un Flop) ft. Amine, Billy, Gotaga, Manny",5.3M views
23,"4 vs 1 (Qui remportera le plus d‚Äô√©preuves ?!) ft. Michou, Lebouseuh, FastgoodCuisine",6.1M views
24,"The day I lost ‚Ç¨100,000 ... VDI #14",1.9M views
25,Inoxtag - Dans La Zone (Clip Officiel),8.2M views
26,I received one surprise per day for 1 month! (you will be surprised),3.9M views
27,"Who will be the best baker ?! (Feat. Billy, Maxime, Grim...)",3M views
28,"I'm getting married? (Well, almost...) Mystery Quest #1",4.5M views
29,I created a new World (you are welcome),2.7M views
30,"The biggest paint battle in France! (Ft. Billy, Lebouseuh, Amine, Domingo, Doigby, Xari)",6.2M views
31,Sleeping in Europe's Most Haunted Forest (Ft. LeGrandJD),5.7M views
32,This video is improbable... (I broke the wall of my studio),2.9M views
33,I adopted a dog (he is so cute...) ft. Ace,7.7M views
34,I'm going back to graduate school (I expected everything but this...),5M views
35,Make the right choice! (I suffered at the end of this video...),3.8M views
36,48H to get out of a Bunker! (We had the scare of our lives) Ft. Michou!,28M views
37,Who will make the Best Pizza (or the Worst Pizza in France) feat. GMK Michou Theodort,5.9M views
38,"Unforgettable vacations, too many things happened... VDI #11",2.9M views
39,24 hours at the farm! (It was incredible),4.7M views
40,Hide and seek in one of the largest villas in South Africa (Ft. Les cro√ªtons),5.5M views
41,The Best Date Ever #2 Special Mexico ! (ft. La sirena),10M views
42,7 Days to Survive Alone on a Deserted Island!,19M views
43,"I'm moving, my mother rejects my friend - VDI #10",3.4M views
44,"100 Challenges in One Day Challenge (Ft. Michou, Amine, Billy)",8.5M views
45,24H handcuffed with GMK (he is going crazy...),7.8M views
46,Your choice will be decisive... 7 participants 1 winner! (everything depends on you),2.7M views
47,I broke 2 cars lol..,3.4M views
48,A subscriber stole my phone... (It travels all around France) #2,2.4M views
49,Bugatti VS Army Airplane (Ft. GMK),5M views
50,I discover one of the most beautiful islands in the world! (InoxTRIP #1),7.7M views
51,J‚Äôai failli p√©cho sur une patinoire‚Ä¶VDI #9,1.5M views
52,Je m‚Äôincruste dans la soir√©e d‚Äôune abonn√©e (Vous contr√¥lez ma vie pendant 24h !),4.2M views
53,Le plus gros d√©fi de ma vie 320KM en v√©lo ! PARIS-ROUBAIX (ft.Domingo),3.9M views
54,Je me confie √† vous (Suis-je en couple ? Je vais habiter seul ? Mes futurs projets‚Ä¶) FAQ #3,3.1M views
55,Je change de m√©tier (j‚Äôai failli me faire mordre par un serpent mdrr ou pas) VDI #8,1.7M views
56,24H en voiture ! (On devient compl√®tement fou...) #2,10M views
57,Michou m‚Äôoffre le meilleur anniversaire de ma vie ! 02/02/2022 20 ans,8.5M views
58,Les pire dossiers des cro√ªtons #2 (Photoroulette challenge),3.1M views
59,Cette vid√©o ne s'est pas pass√©e comme pr√©vu (Un Omegle pas comme les autres),3.7M views
60,J'aurai jamais du l'emmener ici... (L'ann√©e commence bien mdrr) VDI #7,2.5M views
61,The Best Date Ever (Ft. La sir√®ne),14M views
62,Ce t√©l√©phone a fait le tour de la France ! (LE VLOG DES ABONN√âES) Episode 1 !,3.4M views
63,"PILE ou FACE de l‚ÄôExtr√™me ! Tu perds, t‚Äôassumes‚Ä¶ (feat.Mich) - Episode 1",12M views
64,Un truc inattendu se passe pendant notre voyage √† Dubai (on a bu de l‚Äôurine‚Ä¶) Ft. Michou,2.6M views
65,2 Mois pour √™tre Muscl√© ! (challenge de l'extreme) Ft. MangaWorkout,7.2M views
66,Vous avez r√©alis√© un de mes plus gros r√™ves ! (C‚Äô√©tait magique) VDI #6,2.1M views
67,"Juste Prix, l'√©quipe qui perd paie... (Feat. Michou, Mastu, Joyca)",5.5M views
68,"J'aurais jamais cru voir √ßa sous l'eau... ! (Une des meilleures exp√©rience de ma vie, c'est r√©el)",1M views
69,Je me fais arnaquer par un guide en Egypte (Les pyramides sont incroyableeee :o),1.6M views
70,"La plus grosse bataille de coussins aux yeux band√©s de France (Ft. Michou, lebouseuh, et mes potes)",2.3M views
71,"Ils m'ont tous choqu√© dans cette vid√©o (Showcase Koba Gazo, JL House, DALS avec Mich, PSG OL) VDI #5",2M views
72,CACHE CACHE GEANT dans toute la France (Feat. Les abonn√©s),1.5M views
73,Inoxtag - Pas b'soin d'toi ft. La Sir√®ne (Clip officiel),18M views
74,J'ai nag√© avec des requins au Mexique ! (une des meilleurs exp√©rience de ma vie vrmt !!),1.9M views
75,"On est vrmt b√™tes‚Ä¶(Conduis Ferrari GMK, on loupe le Festival de Cannes avec Mich et Dinor,‚Ä¶) VDI #4",1.8M views
76,La plus grosse vid√©o de ma cha√Æne ! (Cube - MakingOf),1.2M views
77,CUBE - Inoxtag (Feat. Flashboy),4.5M views
78,"Perdu dans un pays inconnu, je dois rentrer en France ! (j'atteris dans un endroit improbable mdrr)",2.9M views
79,"J‚Äôai totalement craqu√© dans cette vid√©o‚Ä¶(Conduis GTR, Achat carte Pok√©mon, Freestyle Dinor,‚Ä¶) VDI #3",2.2M views
80,24H pour Survivre dans la Nature (√ßa tourne un peu mal) Ft. Valouzz !,6M views
81,On fait un stage √† la Friterie avec Michou (on fait n'importe quoi et on vole la caissi√®re mdrr...),4.4M views
82,On fait des paris dans les rues ! (feat.Joyca),4.9M views
83,Une journ√©e avec moi ! (j'ai fini dans la mer...),3M views
84,"J'aurais jamais cru faire √ßa un jour... (Clip avec SCH,JUL, L'alg√©, Fianso, etc...) VDI #2",4.3M views
85,24H pour faire un Film d‚Äôaction (je prend feu et j‚Äôexplose une voiture),3.4M views
86,Course contre Michou avec nos Voitures Customis√©es ! (on a failli faire un accident mdrrr),5M views
87,Je me d√©guise en Spiderman pour aider les gens (ils me regardent tous bizarrement mdr),2.3M views
88,Il s‚Äôest pass√© des choses inattendues... (VDI #1),3.5M views
89,Une journ√©e en VAN avec LeBouseuh (On est all√© pile au milieu de la France mdrr),3.3M views
90,Je vais rencontrer mon futur chien (Enfin ses parents hihihiihihih) [Part.1],3.9M views
91,Je teste mes Limites (je suis √©clat√© au sol mdrrr),3M views
92,"Balade dans le nord avec le Mich ! (On s'amuse comme on peut mdrrr, on passe √† la friterie d‚ÄôAlbert)",5M views
93,All my Sneakers ! Je vous montre mes paires pr√©f√©r√©es et mes v√™tements ! #2,2.2M views
94,Loup Garou avec la Team Crouton ! (Des amiti√©s se sont bris√©es),6.1M views
95,"Celui qui perd mange le piment le plus fort du monde ! (Ft. Mich, Wejdene et Riadh)",7M views
96,"24H en Voiture avec moi ! (il s'est pass√© des trucs de fou, c'√©tait dar en vrai)",7.3M views
97,Je rencontre des inconnus (Y'a des mecs vraiment chelou mdrrrr...),3.8M views
98,J'ai retrouv√© des anciens dossiers du Coll√®ge/Lyc√©e... (je raconte des Anecdotes) #2,2.6M views
99,"Une journ√©e avec Valouzz (j‚Äôai conduit le RSQ3, il a eu trop peur mdrr)",2.8M views
100,J'ai pass√© le permis ! (Je l‚Äôai loup√©... ou pas MDR),3.1M views
101,Cette vid√©o va te faire kiffer les anim√©s ! #2,2.2M views
102,24H menott√© avec Michou ! (C‚Äô√©tait dr√¥le en vrai),20M views
103,"Je fais le TEST de PURET√â... (je vous l'avais promis, j'ai trop le seum)",8.3M views
104,DEVINE LE PRIX SINON TU PAIES ! #3 (Feat. Wejdene et Michou),8.8M views
105,"24H pour devenir cuisinier ! (c'est catastrophique, ou pas mdr) + Tuto Cuisine !",4M views
106,FAQ IRL: Je r√©ponds √† vos questions (J'ai une crush ? Ma pire honte ? Etc...),1.4M views
107,On a transform√© une Voiture en TN ! C'est un truc de fou mdrrr (Ft. Jrartiste),2.4M views
108,Hypnose avec les cro√ªtons au local ! (c'est parti en cacahu√®te) Ft. PierreCika,6.9M views
109,On va au Festival de Canneseries (c‚Äôest improbable mdrrrrrr),2.7M views
110,J'organise l'anniversaire surprise de mon pote Michou ! (C'√©tait incroyable),12M views
111,48H avec Lebouseuh ! (Je casse un PC au local et on s'offre des cadeaux),5.2M views
112,Qui est le plus intelligent entre Michou et Moi ? (Quizz de culture g√©n√©ral)logiquement je gagne mdr,2.2M views
113,"On nettoie Paris avec les abonn√©s ! (1,5M L d'eau sauv√©, incroyable)",2.2M views
114,On se fait Hypnotiser avec mes potes ! (J'y aurais jamais cru...),2.6M views
115,Qui sont les meilleurs Cro√ªtons ? (Comp√©tition d'activit√©s dans la villa en Corse),6.2M views
116,Inoxtag - Funkinox ft. Kazzey (Clip officiel),30M views
117,Faire une Musique en une Soiree - Funkinox (feat Kazzey),1.7M views
118,"Vlog sp√©cial vacances (Bateau, acrobranche, p√™che...) #Juillet2020",1.8M views
119,Les pires et meilleures anecdotes avec les Abonn√©s (Feat. Lebouseuh) #2,1.6M views
120,CACHE CACHE dans toute la France ! (Feat. Michou),11M views
121,Je cr√©e mon propre KEBAB / Mini-Stage avec un Kebabiste !! (Jme d√©brouille bien),3.8M views
122,Parcours du combattant avec TiboinShape ! Qui sera le plus rapide ?,3.5M views
123,Journ√©e Relooking Sp√©cial Anime ! (Challenge),1.3M views
124,"Juste Prix avec les Abonn√©s, nos cartes bleues ont pleur√© (Feat. Michou) #2",2.3M views
125,J'ai fais une dinguerie pour mon Million sur Instagram ! (Vlog/Making of),2.5M views
126,Je vous fais √©couter mes 10 PREMI√àRES PRODS ! (je suis d√©butant mdr),1M views
127,"Mes anecdotes du lyc√©e, je vous dis tout sur ma scolarit√© (Abonn√©s, heures de colles, ...)",2.8M views
128,Ma premi√®re fois en R√©alit√© Virtuelle ! (j'ai failli d√©truire ma chambre...),2.1M views
129,24H confin√© avec moi ! (On s'occupe comme on peut),6.3M views
130,Faire un clip du futur en 24h (Feat. Flashboy),2.7M views
131,Cette vid√©o va te faire kiffer les anim√©s (J‚Äôesp√®re),2.6M views
132,Je vous pr√©sente le d√©cor de mes r√™ves ! (Merci c'est gr√¢ce √† vous),2M views
133,On remix des clips de musiques avec Guizzi ! (Vid√©o Chill),720K views
134,All my Sneakers ! Je vous montre toutes mes paires de chaussures (J'en ai vraiment beaucoup üòÖ),3.4M views
135,"COMP√âTITION ENTRE CRO√õTONS AU CANADA ! (P√äCHE, HOCKEY SUR GLACE, B√õCHERONS)",2.2M views
136,TOP CHEF AVEC LA TEAM CRO√õTON ! QUE LA MEILLEURE EQUIPE GAGNE !,4.7M views
137,UNE JOURN√âE AVEC LES CRO√õTONS (Surprise pour Valouzz + Visite des locaux),3.9M views
138,PILE OU FACE (Feat. Michou √† Barcelone),3.6M views
139,DESSIN CHALLENGE AVEC MES POTES ! (Les dessins sont catastrophiques),1M views
140,DEVINE LE PRIX SINON TU PAIES ! (Feat. Michou),4.8M views
141,FORTNITE NE VEUT PLUS DE MOI... LE RETOUR DES BEST OF ! (BEST OF #16),881K views
142,JE R√âPONDS √Ä VOS QUESTIONS ! (Enfin j'essaie parce que y'en a beaucoup...),1.8M views
143,MON PREMIER SHOWCASE ! MILI MILI (Merci !),4.1M views
144,"MON S√âJOUR A LA PGW 2019 ! (Vous √©tiez trop nombreux, incroyable)",2.2M views
145,QUI DE NOUS 7 ?! (Entre Cro√ªtons),6M views
146,NOS PIRES ANECDOTES (Vrai ou Faux) ! Avec Lebouseuh !,1.5M views
147,MON SETUP 2019 ! (Vous me l'avez trop demand√© mdr),2M views
148,ON LIVRE DES MACDO AVEC VALOUZZ SUR FORTNITE BATTLE ROYALE !,661K views
149,LES PLUS GROS DOSSIERS DE LA TEAM CRO√õTON ! #PELLICULECHALLENGE !,3.9M views
150,"MES MEILLEURS VACANCES ? VOYAGE AU MAROC, NEWYORK, MILLION D‚ÄôABONN√âS ! (Bilan)",636K views
151,"MAKING-OF DE MON CLIP DU MILLION D‚ÄôABONN√âS ""MILI MILI""",2.8M views
152,INOXTAG - MILI MILI (clip officiel),74M views
153,ON ESSAIE DE JOUER A DEUX SUR LE M√äME PC AVEC MICHOU SUR FORTNITE BATTLE ROYALE !,2.1M views
154,DANS LES COULISSES DE LA WORLD CUP FORTNITE 2019 ! MON S√âJOUR DE FOLIE A NEW-YORK (Feat. Solary) !,2.4M views
155,STORYTIME: COMMENT JE ME SUIS FAIT VOLER MON T√âL√âPHONE... (Je suis un Boloss),1.5M views
156,CACHE CACHE √Ä DEUX AVEC MICHOU ! √âPISODE 2 !,2M views
157,JE JOUE EN CLASSE AVEC MES POTES DE LYC√âE √Ä FORTNITE BATTLE ROYALE ! #2,9M views
158,"LE MEILLEUR PROPHUNT ENTRE STREAMERS SUR FORTNITE ! (Feat. Cro√ªtons, Solary, Dimitri et sa team)",450K views
159,"JE PRANK UN POTE, IL RAP SUR FORTNITE EN PLEIN LIVE ! (+VALOUZZ FAIT UN FREESTYLE) BEST OF #15",1.6M views
160,JE R√âAGIS √Ä MA PREMI√àRE CHA√éNE YOUTUBE !,1.3M views
161,ON EST DEVENU DES MONSTRES AVEC LEBOUSEUH SUR FORTNITE BATTLEROYALE ! ROAD TO CHAMPION !,2.4M views
162,JE FINIS POUR LA PREMI√àRE FOIS UN ESCAPE GAME SUR FORTNITE !,271K views
163,J'AI FAIS MON PREMIER SHOW SUR SC√àNE AVEC LA TEAM CRO√õTON A LA GAMER ASSEMBLY 2019 !!,719K views
164,MES POTES DE CLASSE D√âBARQUENT CHEZ MOI POUR FAIRE TOP 1 SUR FORTNITE BATTLE ROYALE !,5.2M views
165,NOBUILD CHALLENGE SUR FORTNITE BATTLE ROYALE ! OBJECTIF TOP 1 SANS CONSTRUIRE !,706K views
166,VAIS-JE R√âALISER L'EXPLOIT SUR CE NOUVEAU MODE DE JEUX AVEC LA TEAM CRO√õTON ?? FORTNITE CR√âATIF !,834K views
167,"S'IL PERD LE CHIFOUMI, JE PREND LE CONTR√îLE DE SON PC SUR FORTNITE BATTLE ROYALE (Feat. Michou) #2",2.5M views
168,VAIS-JE BATTRE MON RECORD DE KILLS EN SOLO VS DUO SUR FORTNITE BATTLE ROYALE !?,993K views
169,J'AI TENT√â LE NOSCOPE DE L'INFINI SUR FORTNITE BATTLE ROYALE ! BEST OF #15üòé,1.5M views
170,MA PREMI√àRE LAN AVEC LA TEAM CRO√õTON SUR FORTNITE ! LYON-ESPORT 2019,1.3M views
171,LEBOUSEUH ME PAIE UN RESTO SI JE FAIS TOP 1 EN SOLO/DUO SUR FORTNITE !,439K views
172,LE PLUS GROS KARMA SUR FORTNITE BATTLE ROYALE ! (Feat. MICHOU),2.9M views
173,JE SUIS DEVENU BEAUCOUP TROP FORT SUR ‚öîÔ∏èFORTNITE‚öîÔ∏è ! BEST OF #14üòé,769K views
174,NOTRE PREMIER TOP 1 AVEC LEFOUBRUITEUR ET MICHOU SUR REALM ROYALE ?,133K views
175,COURSE DE VOITURE CONTRE OLIVIER SUR FORTNITE BATTLE ROYALE ! D√âFIS D'HIVER #1,110K views
176,J'AI MANG√â DES INSECTES A L'AUTRE BOUT DU MONDE !,150K views
177,JE VOUS PR√âSENTE MON SETUP !!!,1M views
178,JE FAIS TOP 1 √Ä LA PIOCHE SUR FORTNITE EN SOLO VS DUO (Feat.Michou),1.4M views
179,DES AVIONS SUR FORTNITE BATTLE ROYALE ! JE FAIS UN CARNAGE POUR LA SAISON 7 !,346K views
180,J'AURAIS JAMAIS DU JOUER AVEC MICHOU A CE JEU ü§£ ! CELUI QUI PERD...üò≠,325K views
181,LE NOUVEAU POMPE EST BEAUCOUP TROP FORT SUR FORTNITE BATTLE ROYALE ! TOP 1 ?,4.8M views
182,TOP 1 = LUNARY JBZZ DANS LA TEAM CRO√õTON SUR FORTNITE ?!,533K views
183,"123 SOLARY, LE JEU LE PLUS RAGEANT SUR FORTNITE BATTLE ROYALE ! BEST OF #13",292K views
184,MON AVENTURE YOUTUBE ! D√âJ√Ä 1 AN !,211K views
185,"MA PLUS BELLE EXP√âRIENCE SUR FORTNITE (Feat. Prime, Teeqzy) LAMA D'OR A LA PGW !",2.7M views
186,"PARIS GAMES WEEK JOUR 1: GROSSE BASTON, MICHOU ET MOI VS GAMEMIXTREIZE !",891K views
187,ACER NOUS OFFRE UN PC POUR TOUT CASSER SUR FORTNITE BATTLE ROYALE ! (Feat. Michou),549K views
188,CETTE GAME √âTAIT BEAUCOUP TROP INTENSE AVEC ADZ üòéüòÆ,183K views
189,CELUI QUI PERD BALANCE UNE FICHA SUR FORTNITE BATTLE ROYALE ‚öîÔ∏è,147K views
190,"COMBAT DE PIOCHE DANS LA VRAI VIE CONTRE MICHOU, LEBOUSEUH ET DOCJAZY A LA GAMESCOM !",185K views
191,JE D√âCOUVRE LE STAND FORTNITE A LA GAMESCOM 2018 !,401K views
192,MON PLUS BEAU NOSCOPE SUR FORTNITE‚öîÔ∏è ! BEST OF #12 (BEST MOMENTS),1.2M views
193,JE R√âALISE LE TOP 1 POUR ME QUALIFIER AUX SUMMER SKIRMISH SUR FORTNITE BATTLE ROYALE !,760K views
194,JE LUI OFFRE SON PREMIER TOP 1 SUR ‚öîÔ∏è FORTNITE BATTLE ROYALE ! ü§£ BEST OF #11,320K views
195,"MICHOU ET INOXTAG VS LEBOUSEUH ET DOCJAZY, CELUI QUI PERDS PAIE MACDO SUR FORTNITE BATTLE ROYALE !",482K views
196,JE DOIS ESCORTER MICHOU POUR LE TOP 1 SUR ‚öîÔ∏èFORTNITE BATTLE ROYALE‚öîÔ∏è,2.1M views
197,JE l'AI ENFIN RE√áU... 100 000 MERCI !,334K views
198,"J'AI JAMAIS AUSSI BIEN JOU√â SUR FORTNITE, ONE FOR ALL !? BEST OF #10",422K views
199,"#2 CELUI QUI PERD, VEND SON SKIN PR√âF√âR√â SUR ‚öîÔ∏èFORTNITE‚öîÔ∏è (Feat. DOC JAZY) LA REVANCHE !",301K views
200,NE FAITES JAMAIS CONFIANCE A LEBOUSEUH SUR ‚öîÔ∏èFORTNITE‚öîÔ∏è,2M views
201,"CELUI QUI PERD, VEND SON SKIN PR√âF√âR√â SUR ‚öîÔ∏èFORTNITE‚öîÔ∏è(Feat. DOC JAZY)",1M views
202,"LA CARABINE, MON ARME FAVORITE SUR ‚öîÔ∏èFORTNITE‚öîÔ∏è? BEST OF #10",1.9M views
203,CE JETPACK NOUS OFFRE LE TOP 1 SUR ‚öîÔ∏èFORTNITE‚öîÔ∏è ! UNE GAME DE FOLIE AVEC SOUEN !,158K views
204,"J'AI FAILLI BATTRE MON RECORD EN SOLO (20KILLS) SUR ‚öîÔ∏èFORTNITE‚öîÔ∏è ""SI JE FAIS TOP 1, JE ...""",509K views
205,JE FAIS TOP 1 CONTRE UN BAMBIN AU PI√àGE ! #BEST OF LIVE 12H ‚öîÔ∏èFORTNITE‚öîÔ∏è,316K views
206,J'ENVOI DOC JAZY SUR LES NUAGESü§£#BEST OF 8‚öîÔ∏èFORTNITE‚öîÔ∏è,232K views
207,"‚öîÔ∏èLA SAISON 4 EST ARRIV√âE SUR FORTNITEü§©: NOUVEAUX SKINS, SUPER POUVOIR ET BIEN PLUS ENCORE !‚öîÔ∏è",293K views
208,PACK OPENING ! üé•WOOTBOXüé•#3,44K views
209,"LE KARMA ME D√âFIS SUR FORTNITE, J‚ÄôOBTIENS LA VICTOIRE ROYAL ! üòÉ",310K views
210,CE BAMBI FAIT TOP 1 SUR FORTNITE ! #BEST OF 7 ‚öîÔ∏èFORTNITE‚öîÔ∏è,300K views
211,MICHOU VS INOX ! QUI TOMBERA EN PREMIER ? ü§£STICKFIGHTü§£,444K views
212,LE MOIS DE MARS VA-T-IL NOUS R√âGALER ? üé•WOOTBOXüé•#2,80K views
213,LE POUVOIR DU LAMA !üòè ILS ONT OS√â ME D√âFIER SUR ‚öîÔ∏è FORTNITE ‚öîÔ∏è,947K views
214,TOP 1 POUR LE RETOUR DE KAWA ! ‚öîÔ∏èFORTNITE‚öîÔ∏è,204K views
215,JE TROLL MICHOU ET J‚ÄôENCHA√éNE LES KILLSüòÖ #BEST OF 6 ‚öîÔ∏èFORTNITE‚öîÔ∏è,442K views
216,COMBIEN DE FOIS ON M'A DEMAND√â DE FAIRE CETTE VID√âO ? üé•SETUPüíª,439K views
217,"CELUI QUI PERD, PAIE 100 EURO A L'AUTRE (feat.KAWA)üò¨ LE STRESS TOTAL‚öîÔ∏èFORTNITE‚öîÔ∏è",403K views
218,IL ME TUE AVEC LA NOUVELLE GRENADE üò≠ ! BEST OF #5 ‚öîÔ∏èFORTNITE/KILLS/FUN‚öîÔ∏è,135K views
219,J'AI PRANK MICHOU EN PLEIN LIVE (**** A CLICK) ‚öîÔ∏èFORTNITE‚öîÔ∏è,3.2M views
220,CETTE BOITE EST JUSTE TROP... üé•UNBOXINGüé•,424K views
221,ON CONSTRUIT LE PLUS GROS CH√ÇTEAU DE L'HISTOIRE EN MODE PRIVE ‚öîÔ∏èFORTNITE‚öîÔ∏è,251K views
222,‚öΩÔ∏èCELUI QUI PERD PAIE UN SKIN A l'AUTRE ! ‚öΩÔ∏èMATCH DE FOOT ‚öîÔ∏èFORTNITE‚öîÔ∏è,63K views
223,J'AI TROUV√â LA RUCHE SUR FORTNITE ! BEST OF #4 ‚öîÔ∏èFORTNITE‚öîÔ∏è,138K views
224,3 BATTLE ROYAL 3 TOP 1 ? VA T-IL LE FAIRE ? ‚öîÔ∏èBATTLE ROYAL/FORTNITE‚öîÔ∏è,19K views
225,"J'AI FROID, ON SE R√âCHAUFFE AUTOUR D'UN FEU ? ‚öîÔ∏èFORTNITE/NEW MODE‚öîÔ∏è",57K views
226,DISCR√âTION TOTALüî´ 18 KILLS A LUI SEUL üòÖ‚öîÔ∏èFORTNITE/NEW MODE‚öîÔ∏è,118K views
227,"LE DUEL ! CELUI QUI PERD, OFFRE UN SKIN A l'AUTRE ü§£ ‚öîÔ∏èFORTNITE‚öîÔ∏è",192K views
228,VA-T-IL FAIRE LE 1VS4 üôè ? IL JOUE A PLEINE PUISSANCEüî• ! #BEST OF 3 ‚öîÔ∏èFORTNITE‚öîÔ∏è,58K views
229,üí∑1130$ DE DONS EN PLEIN LIVEüí∞üò± EPIC MOMENTüò±,1.3M views
230,JE TEST LA BOOGIE-WIGIE GRENADE EN AVANT PREMIERE üò±EPIC LUCK‚öîÔ∏èFORTNITE‚öîÔ∏è,80K views
231,QUI A FAIT CETTE MAISON ? üòµ ‚öîÔ∏èFORTNITE‚öîÔ∏è,38K views
232,IL A OSE FAIRE UNE DEUXI√àME IMPRO üò± ‚öîÔ∏èFORTNITE‚öîÔ∏è,39K views
233,ILS GAGNENT SANS M√äME POSER UN MATERIAUü§£ ‚öîÔ∏èFORTNITE‚öîÔ∏è,20K views
234,üõ† IL CREE UNE ARMEE ! 50C50 ‚öîÔ∏èFORTNITE‚öîÔ∏è,21K views
235,"üòÑ PAPA, FAIT MOI UN CHATEAU üôè ‚öîÔ∏èFORTNITE‚öîÔ∏è",22K views
236,üòÜ QUAND TU GAGNE GRACE A UNE FUMIGENE ‚öîÔ∏èFORTNITE ‚öîÔ∏è,17K views
237,CETTE FIN PHARAONIQUE üòµ ! OBJECTIF#2 ‚öîÔ∏èFORTNITE‚öîÔ∏è,17K views
238,OBJECTIF TOP 1 VS 4 ! ALO ? #KARMA ?,19K views
239,ON FAIT DU SALE SUR FORTNITE !,133K views
240,BEST OF #INOXTAG KARMA !,32K views
241,DRAGON BALL XENOVERSE 2 #2: LE GALERIEN,34K views
242,SESSION GAMBLING #1: Le Grand Slay...,10K views
243,COMMENT AVOIR DES SKINS CSGO !,14K views
244,DRAGON BALL XENOVERSE II: CA ENVOIE DU LOURD !,54K views
245,LE RETOUR ! SKYWARS #3,18K views
246,ComeBack?! TEST: first montage CS:GO,27K views
247,1vs5 AWP ! Counter-Strike,28K views
248,"600 sub's, vid√©o sp√©ciale :o Concours and more !",18K views
249,RocketLeague: Best Action :o,52K views
250,Speed-Art: MonsterBlaze (dual with @Realfalp),14K views
251,Rocket League: Compilation,45K views
252,TUTO C4D: Comment extrude les cheveux sur le FMR 5.0,18K views
253,SkyFall sur Epicube: Respect ? ou que t'es ?,11K views
254,SpeedArt-MC: LeFauconHD !,10K views
255,Best Of Graphic Artist !,7.6K views
256,SpeedArt for Midnightmokeas #BONUS !,7.6K views
257,Speed-Art for StarkieMC !,7.6K views
258,Wallpapers Contest #1 Gl √† tous ^^,7.7K views
259,Banner for Lasha_PvP !,7.6K views
260,Epicube: Gros d√©lire en HG ! √† ne pas manquer xD,8.1K views
261,Speed-Art for Towiix !,7.6K views
262,Tuto FMR 5.0 / Comment bien l'utiliser ?,15K views
263,Speed-art montage !,15K views
264,UHCrun: Highlights ! V2,8.9K views
265,HUCrun : HighLight !,8.6K views
266,Speed-Art for _Skytack_ !,7.6K views
267,Speed-Art for Popcornkelly !,7.6K views
268,TUTO C4D: comment bien utilis√© le ceeperdoes V8 ( rig MC),25K views
269,UHCrun: Highlights !,9K views
270,Speed-Art for Nems !,7.8K views
271,TOP Wallpapers: Je suis de retour !,11K views
272,Top Wallpapers Minecraft ! Graphisme,7.6K views
273,Pitchout V2: Un petit point sur la chaine ! Epicube ^^,9.9K views
274,Speed-Art: SkyTack By Inoxtag !,7.6K views
275,UHC : banano in the game ! GL tous le monde.,13K views
276,R√©sultat Giveway: 200 abonn√©s ! GL :D 20 likes ?,17K views
277,Speed-Art: Margaux-CF,7.6K views
278,Giveway: Gagne un lot GFX de Haute Qualit√©e !,7.9K views
279,IceRunner: Nous sommes des √¢nes / Epicube,9.7K views
280,Speed Art - Martiiz : Wallpapers,7.9K views
281,[Annonce] Chaine-PvPSwap Duel : Epicube / Minecraft,8.7K views
282,R√©sultat-Concour ! Gagne ton Walpapers :D,7.9K views
283,Best Of GFX : Ya de quoi s'en jailler ! #2,8K views
284,Concour: Gagne ton walpapers ! / Minecraft,8.6K views
285,PVP : j'en voit de toutes les couleurs ! / montage,8.6K views
286,Speed Art- Aurelieux by Inoxtag / GFX,9.3K views
287,Build Battle: Fait place a ton imagination ! /Hypixel,28K views
288,FAQ-100 abonn√©es ! je r√©pond a vos questions,22K views
289,Speed Art - Bonbon / GFX,10K views
290,FAQ 100 abonn√©e- Pose tes questions / GFX,18K views
291,Best Of GFX : Sa nique les yeux !,19K views
292,Pvpswap #2: Ezz ! avec la famille -Epicube,8.5K views
293,"(Annonce): Je suis GFX gratuit ! , parlons impe :D",15K views
294,Speed art #1 - Rapscreed,11K views
295,Hunger Games : J'ai plus de Fl√®che !,36K views
296,UHCrun: Vite fait bien fait ! /samagames,11K views
297,PvPswap: Fait attention au swap ! /Epicube,11K views
298,UHCrun: Vite fait bien fait ! /samagames,10K views
299,WarmaniaCraft: la Mine /Episode 2,15K views
300,WarmaniaCraft: Le potager /Episode 1,15K views
301,Sheep Wars : Saute mouton /Epicube,16K views
302,WarmaniaCraft: Annonce,23K views
303,Minecraft: Pvpswap #1 - m√™l√©e g√©n√©rale ! [Epicube],39K views
304,Intro: Ma nouvelle intro,178K views
305,Minecraft: On fait une Omelette ? [SkyWars],65K views
306,"Minecraft: Survival Games- 6 Kill, fin je pense",74K views
307,Minecraft: Hunger Games 1- Le d√©but d'une grande aventure [Epicube ],726K views
